split,LinearRegression,RandomForest
test,0.9742208153,0.9725911669
train,0.9682214871,0.9894941235
valid,0.9766787069,0.9758617746
