split,LinearRegression,RandomForest
test,1.2308045499,1.2691114945
train,1.363124579,0.7837632745
valid,1.1738462916,1.1942289302
