split,LinearRegression,RandomForest
test,0.4979582043,0.4821271288
train,0.5700814551,0.3005839641
valid,0.5121017939,0.4929042825
